Date,Price,Open,High,Low,Vol.,Change %
29-Oct-20,11.29,11.45,11.79,11.11,17.26M,-1.44%
28-Oct-20,11.45,11.94,12.15,11.16,12.86M,-4.04%
27-Oct-20,11.94,11.72,12.45,11.5,12.03M,1.80%
26-Oct-20,11.73,12.15,12.44,11.3,14.13M,-3.47%
25-Oct-20,12.15,12.7,12.84,11.94,11.56M,-4.35%
24-Oct-20,12.7,12.16,12.94,12,13.03M,4.46%
23-Oct-20,12.16,11.96,12.26,11.6,14.96M,1.68%
22-Oct-20,11.96,10.81,12.39,10.72,19.17M,10.59%
21-Oct-20,10.81,9.86,11.11,9.8,15.87M,9.70%
20-Oct-20,9.86,10.91,10.93,9.78,13.09M,-9.69%
19-Oct-20,10.91,10.95,11.2,10.66,8.54M,-0.31%
18-Oct-20,10.95,10.63,10.98,10.6,6.84M,3.04%
17-Oct-20,10.62,10.59,10.7,10.43,6.66M,0.36%
16-Oct-20,10.59,10.75,10.88,10.29,12.29M,-1.50%
15-Oct-20,10.75,10.89,10.9,10.48,12.71M,-1.34%
14-Oct-20,10.89,11,11.32,10.63,14.72M,-0.95%
13-Oct-20,11,11.42,11.55,10.66,16.59M,-3.75%
12-Oct-20,11.42,10.85,11.79,10.7,21.41M,5.31%
11-Oct-20,10.85,10.52,11,10.17,13.30M,3.13%
10-Oct-20,10.52,10.39,10.88,10.39,14.78M,1.15%
9-Oct-20,10.4,9.55,10.51,9.38,19.49M,8.97%
8-Oct-20,9.54,8.98,9.67,8.45,17.85M,6.22%
7-Oct-20,8.98,8.77,9,8.39,12.66M,2.44%
6-Oct-20,8.77,9.62,9.65,8.64,12.22M,-8.80%
5-Oct-20,9.62,9.39,9.7,9.27,12.33M,2.33%
4-Oct-20,9.4,9.27,9.46,9.13,7.28M,1.36%
3-Oct-20,9.27,9.22,9.54,9.11,7.58M,0.58%
2-Oct-20,9.22,9.65,9.82,8.83,19.52M,-4.51%
1-Oct-20,9.65,9.87,10.39,9.39,15.36M,-2.23%
30-Sep-20,9.87,10.14,10.19,9.6,14.14M,-2.60%
29-Sep-20,10.14,10.28,10.38,9.47,22.83M,-1.44%
28-Sep-20,10.28,10.79,11.06,10.2,16.95M,-4.73%
27-Sep-20,10.79,10.3,10.98,9.95,16.61M,4.78%
26-Sep-20,10.3,10.71,11.07,10,19.71M,-3.80%
25-Sep-20,10.71,9.87,11.19,9.39,32.34M,8.52%
24-Sep-20,9.87,7.61,10.42,7.49,41.86M,29.61%
23-Sep-20,7.61,8.74,8.8,7.36,27.15M,-12.89%
22-Sep-20,8.74,8.72,9.07,8.6,14.76M,0.37%
21-Sep-20,8.71,9.74,9.91,8.52,25.86M,-10.58%
20-Sep-20,9.74,10.12,10.61,9.54,11.55M,-3.81%
19-Sep-20,10.12,10.09,10.49,9.88,10.17M,0.27%
18-Sep-20,10.1,11,11.12,9.81,16.22M,-8.14%
17-Sep-20,10.99,10.73,11.64,10.5,17.60M,2.46%
16-Sep-20,10.73,10.95,11.28,10.5,17.25M,-2.03%
15-Sep-20,10.95,12.13,12.23,10.78,18.61M,-9.76%
14-Sep-20,12.13,12.06,12.36,11.64,15.72M,0.66%
13-Sep-20,12.06,12.72,13.22,11.79,18.07M,-5.20%
12-Sep-20,12.72,12.44,12.73,12.11,11.06M,2.21%
11-Sep-20,12.44,12.52,12.68,12.03,13.03M,-0.65%
10-Sep-20,12.52,12.34,13.26,12.25,23.18M,1.47%
9-Sep-20,12.34,11.71,12.65,11.45,18.03M,5.41%
8-Sep-20,11.71,12.47,12.73,11.12,257.72K,-6.10%
7-Sep-20,12.47,12.81,13.16,11.22,31.03M,-2.71%
6-Sep-20,12.81,10.6,13.18,9.76,33.02M,20.95%
5-Sep-20,10.6,12.38,12.73,9.19,37.27M,-14.45%
4-Sep-20,12.38,11.88,12.88,11.01,29.50M,4.21%
3-Sep-20,11.88,14.8,15,11.2,26.67M,-19.69%
2-Sep-20,14.8,16.07,16.35,14.09,17.24M,-7.90%
1-Sep-20,16.07,15.59,16.49,15.16,16.41M,3.04%
31-Aug-20,15.59,16.47,16.94,15.53,16.01M,-5.34%
30-Aug-20,16.47,16.42,17.75,16.4,19.91M,0.30%
29-Aug-20,16.42,15.14,16.97,14.97,20.08M,8.44%
28-Aug-20,15.14,14.52,15.48,14.26,11.92M,4.31%
27-Aug-20,14.52,15.19,15.5,14.02,17.56M,-4.42%
26-Aug-20,15.19,14.12,15.64,14.09,18.03M,7.59%
25-Aug-20,14.12,15.14,15.35,13.51,19.89M,-6.73%
24-Aug-20,15.14,15.15,15.87,14.73,14.00M,-0.13%
23-Aug-20,15.15,15.87,15.98,14.68,17.00M,-4.52%
22-Aug-20,15.87,13.81,16.3,13.69,26.86M,14.93%
21-Aug-20,13.81,16.05,16.12,12.92,40.61M,-13.93%
20-Aug-20,16.05,16.18,16.77,15.78,16.66M,-0.86%
19-Aug-20,16.18,16.2,17.23,14.91,29.68M,-0.12%
18-Aug-20,16.2,16.68,17.64,14.86,42.86M,-2.84%
17-Aug-20,16.68,18.81,19.67,16.15,20.61M,-11.33%
16-Aug-20,18.81,19.17,20.01,18.58,16.70M,-1.89%
15-Aug-20,19.17,16.94,19.79,16.56,28.43M,13.16%
14-Aug-20,16.94,17.17,17.57,16.36,17.61M,-1.31%
13-Aug-20,17.17,16.51,18.29,16.02,46.71M,4.00%
12-Aug-20,16.51,12.98,16.72,12.61,35.47M,27.15%
11-Aug-20,12.98,13.47,13.51,12.18,24.89M,-3.60%
10-Aug-20,13.47,13.82,14.03,12.66,25.29M,-2.56%
9-Aug-20,13.82,12.72,14.41,12.02,38.92M,8.63%
8-Aug-20,12.72,10.13,13.78,9.94,38.35M,25.63%
7-Aug-20,10.13,10.2,10.25,9.26,15.76M,-0.71%
6-Aug-20,10.2,9.53,10.24,9.46,12.93M,7.06%
5-Aug-20,9.53,9.86,9.86,9.36,13.09M,-3.39%
4-Aug-20,9.86,9.18,9.96,9.09,24.64M,7.44%
3-Aug-20,9.18,8.28,9.27,8.18,17.06M,10.84%
2-Aug-20,8.28,8.32,8.78,6.96,30.73M,-0.52%
1-Aug-20,8.32,7.8,8.46,7.65,12.53M,6.72%
31-Jul-20,7.8,7.41,7.85,7.41,10.58M,5.29%
30-Jul-20,7.41,7.07,7.57,7.03,10.42M,4.71%
29-Jul-20,7.07,7.08,7.08,7.07,9.55M,-2.15%
28-Jul-20,7.23,7.09,7.39,6.92,11.93M,1.93%
27-Jul-20,7.09,7.49,7.5,6.54,23.53M,-5.31%
26-Jul-20,7.49,7.67,7.94,7.24,14.61M,-2.36%
25-Jul-20,7.67,7.44,7.79,7.39,9.97M,3.17%
24-Jul-20,7.44,7.9,7.93,7.4,10.18M,-5.83%
23-Jul-20,7.9,7.47,8.07,7.42,14.93M,5.71%
22-Jul-20,7.47,7.31,7.62,7.09,13.32M,2.24%
21-Jul-20,7.31,7.25,7.67,6.99,15.17M,0.83%
20-Jul-20,7.25,8.08,8.13,7.18,14.80M,-10.38%
19-Jul-20,8.09,7.97,8.2,7.79,9.10M,1.48%
18-Jul-20,7.97,8.26,8.26,7.77,15.70M,-3.56%
17-Jul-20,8.26,8.36,8.61,8.21,12.52M,-1.20%
16-Jul-20,8.36,8.64,8.83,7.98,27.92M,-3.27%
15-Jul-20,8.64,8.13,8.83,7.85,27.34M,6.34%
14-Jul-20,8.13,7.17,8.31,7,32.94M,13.31%
13-Jul-20,7.17,7.35,8.42,6.89,41.82M,-2.38%
12-Jul-20,7.35,6.1,7.37,6.1,25.22M,20.41%
11-Jul-20,6.1,6.14,6.27,5.98,7.54M,-0.61%
10-Jul-20,6.14,6.08,6.2,5.72,14.18M,0.92%
9-Jul-20,6.08,6.5,6.5,5.73,18.29M,-6.33%
8-Jul-20,6.5,5.72,6.53,5.61,23.55M,13.58%
7-Jul-20,5.72,5.36,5.88,5.34,19.02M,6.71%
6-Jul-20,5.36,4.75,5.48,4.74,15.50M,12.71%
5-Jul-20,4.75,4.82,4.83,4.62,4.85M,-1.34%
4-Jul-20,4.82,4.73,4.85,4.72,3.94M,1.79%
3-Jul-20,4.73,4.8,4.89,4.71,6.14M,-1.27%
2-Jul-20,4.8,4.71,4.92,4.61,10.24M,1.89%
1-Jul-20,4.71,4.56,4.73,4.53,5.20M,3.11%
30-Jun-20,4.56,4.62,4.66,4.54,3.99M,-1.13%
29-Jun-20,4.62,4.58,4.65,4.43,6.20M,0.90%
28-Jun-20,4.58,4.41,4.62,4.37,6.56M,3.64%
27-Jun-20,4.41,4.68,4.69,4.31,8.23M,-5.76%
26-Jun-20,4.68,4.81,4.86,4.65,7.30M,-2.62%
25-Jun-20,4.81,4.71,4.84,4.52,9.64M,2.23%
24-Jun-20,4.71,4.8,4.94,4.51,13.64M,-1.89%
23-Jun-20,4.8,4.49,4.94,4.43,13.99M,6.94%
22-Jun-20,4.49,4.18,4.49,4.18,6.20M,7.21%
21-Jun-20,4.18,4.18,4.2,4.14,1.88M,0.00%
20-Jun-20,4.18,4.1,4.21,4.07,3.40M,1.92%
19-Jun-20,4.1,4.14,4.18,4.06,3.47M,-1.02%
18-Jun-20,4.14,4.16,4.25,4.1,4.43M,-0.49%
17-Jun-20,4.16,4.05,4.19,3.97,5.65M,2.90%
16-Jun-20,4.05,3.93,4.09,3.9,4.93M,3.07%
15-Jun-20,3.93,3.94,3.99,3.66,9.55M,-0.40%
14-Jun-20,3.94,4.11,4.11,3.92,2.24M,-3.99%
13-Jun-20,4.11,4.08,4.12,4.01,2.13M,0.75%
12-Jun-20,4.08,3.97,4.18,3.86,6.26M,2.70%
11-Jun-20,3.97,4.42,4.45,3.92,8.45M,-10.27%
10-Jun-20,4.42,4.43,4.44,4.35,2.94M,-0.25%
9-Jun-20,4.43,4.47,4.5,4.37,3.10M,-0.78%
8-Jun-20,4.47,4.35,4.47,4.33,2.59M,2.85%
7-Jun-20,4.35,4.35,4.41,4.22,2.83M,0.00%
6-Jun-20,4.35,4.36,4.4,4.31,1.80M,-0.33%
5-Jun-20,4.36,4.43,4.48,4.34,2.98M,-1.39%
4-Jun-20,4.43,4.48,4.51,4.29,4.34M,-1.31%
3-Jun-20,4.48,4.4,4.53,4.3,5.62M,1.95%
2-Jun-20,4.4,4.38,4.62,4.14,10.90M,0.50%
1-Jun-20,4.38,4.13,4.48,4.12,11.90M,5.90%
31-May-20,4.13,4.17,4.28,4.04,7.94M,-0.88%
30-May-20,4.17,3.98,4.18,3.94,6.08M,4.67%
29-May-20,3.98,4.04,4.12,3.96,6.45M,-1.35%
28-May-20,4.04,3.85,4.06,3.83,4.98M,5.00%
27-May-20,3.85,3.84,3.91,3.81,4.45M,0.00%
26-May-20,3.84,3.86,3.88,3.78,4.47M,-0.32%
25-May-20,3.86,3.79,3.9,3.78,5.30M,1.65%
24-May-20,3.79,3.93,4.03,3.79,7.31M,-3.56%
23-May-20,3.93,4.06,4.1,3.92,7.06M,-3.21%
22-May-20,4.06,3.83,4.14,3.8,8.71M,6.28%
21-May-20,3.82,4.09,4.17,3.75,12.58M,-6.42%
20-May-20,4.09,3.95,4.14,3.9,11.60M,3.58%
19-May-20,3.95,3.89,3.95,3.78,4.45M,1.54%
18-May-20,3.89,3.78,3.95,3.78,6.92M,2.92%
17-May-20,3.78,3.76,3.85,3.75,4.41M,0.44%
16-May-20,3.76,3.66,3.79,3.62,4.83M,2.81%
15-May-20,3.66,3.81,3.83,3.63,6.30M,-4.14%
14-May-20,3.81,3.76,3.85,3.7,8.43M,1.32%
13-May-20,3.76,3.69,3.81,3.64,7.02M,1.90%
12-May-20,3.69,3.58,3.79,3.55,8.99M,2.77%
11-May-20,3.59,3.76,3.83,3.32,15.49M,-4.42%
10-May-20,3.76,4.02,4.02,3.57,23.87M,-6.34%
9-May-20,4.02,3.8,4.21,3.77,18.41M,5.69%
8-May-20,3.8,3.76,3.86,3.69,8.52M,1.15%
7-May-20,3.76,3.59,3.85,3.57,9.85M,4.74%
6-May-20,3.59,3.68,3.76,3.58,6.20M,-2.54%
5-May-20,3.68,3.75,3.81,3.66,5.63M,-1.83%
4-May-20,3.75,3.71,3.83,3.51,12.71M,1.13%
3-May-20,3.71,3.82,3.86,3.65,6.62M,-2.88%
2-May-20,3.82,3.76,3.86,3.73,5.15M,1.60%
1-May-20,3.76,3.7,3.91,3.7,9.48M,1.40%
30-Apr-20,3.7,3.88,3.97,3.63,15.98M,-4.63%
29-Apr-20,3.88,3.65,3.99,3.63,17.91M,6.36%
28-Apr-20,3.65,3.64,3.73,3.56,9.22M,0.43%
27-Apr-20,3.64,3.72,3.74,3.47,14.22M,-2.16%
26-Apr-20,3.72,3.79,3.81,3.67,10.48M,-1.85%
25-Apr-20,3.79,3.77,3.89,3.74,7.97M,0.30%
24-Apr-20,3.77,3.75,3.89,3.74,9.86M,0.70%
23-Apr-20,3.75,3.68,3.88,3.6,17.35M,1.95%
22-Apr-20,3.68,3.46,3.69,3.44,14.47M,6.42%
21-Apr-20,3.46,3.43,3.57,3.4,16.92M,0.74%
20-Apr-20,3.43,3.6,3.78,3.38,25.12M,-4.86%
19-Apr-20,3.6,3.78,3.8,3.53,19.64M,-4.72%
18-Apr-20,3.78,3.45,3.82,3.45,19.54M,9.61%
17-Apr-20,3.45,3.48,3.52,3.39,15.71M,-0.71%
16-Apr-20,3.48,3.12,3.55,2.98,30.57M,11.27%
15-Apr-20,3.12,3.25,3.3,3.12,18.77M,-3.80%
14-Apr-20,3.25,3.37,3.44,3.21,20.93M,-3.77%
13-Apr-20,3.37,3.41,3.46,3.22,35.48M,-1.18%
12-Apr-20,3.41,3.29,3.63,3.17,38.18M,3.76%
11-Apr-20,3.29,3.22,3.43,3.07,35.81M,2.33%
10-Apr-20,3.22,3.31,3.32,2.95,50.22M,-2.95%
9-Apr-20,3.31,3.17,3.47,3.12,42.60M,4.66%
8-Apr-20,3.17,2.73,3.27,2.71,31.40M,16.18%
7-Apr-20,2.73,2.56,2.9,2.56,36.71M,6.63%
6-Apr-20,2.56,2.26,2.56,2.26,14.83M,12.87%
5-Apr-20,2.26,2.32,2.32,2.24,3.84M,-2.18%
4-Apr-20,2.32,2.3,2.34,2.26,7.21M,0.76%
3-Apr-20,2.3,2.29,2.38,2.27,9.84M,0.00%
2-Apr-20,2.3,2.28,2.44,2.26,15.39M,1.09%
1-Apr-20,2.28,2.26,2.3,2.14,15.26M,0.62%
31-Mar-20,2.26,2.13,2.3,2.11,9.73M,5.91%
30-Mar-20,2.13,2.01,2.2,2,9.74M,6.15%
29-Mar-20,2.01,2.14,2.15,2.01,7.79M,-5.82%
28-Mar-20,2.14,2.14,2.15,2.05,12.77M,0.00%
27-Mar-20,2.14,2.31,2.35,2.12,9.74M,-7.36%
26-Mar-20,2.31,2.26,2.31,2.21,7.98M,2.25%
25-Mar-20,2.26,2.31,2.34,2.19,13.69M,-2.16%
24-Mar-20,2.31,2.25,2.36,2.2,21.71M,2.43%
23-Mar-20,2.25,1.99,2.29,1.94,27.36M,13.12%
22-Mar-20,1.99,2.28,2.33,1.94,25.01M,-12.12%
21-Mar-20,2.27,2.26,2.37,2.11,22.52M,0.00%
20-Mar-20,2.26,2.24,2.61,2.05,47.27M,0.76%
19-Mar-20,2.25,1.95,2.37,1.89,40.05M,15.36%
18-Mar-20,1.95,1.87,1.95,1.77,26.88M,4.17%
17-Mar-20,1.87,1.78,2.06,1.74,38.75M,4.71%
16-Mar-20,1.78,2.09,2.09,1.56,56.53M,-14.68%
15-Mar-20,2.09,2.14,2.39,2.02,28.09M,-2.05%
14-Mar-20,2.14,2.43,2.51,2.07,25.33M,-11.97%
13-Mar-20,2.43,2.01,2.74,1.37,87.11M,20.27%
12-Mar-20,2.02,3.82,3.85,1.15,83.47M,-47.20%
11-Mar-20,3.82,4.08,4.11,3.55,22.18M,-6.41%
10-Mar-20,4.08,4.13,4.21,3.92,21.60M,-1.09%
9-Mar-20,4.13,4.05,4.37,3.62,34.92M,1.93%
8-Mar-20,4.05,4.35,4.45,3.86,21.92M,-6.84%
7-Mar-20,4.35,4.68,4.69,4.32,9.86M,-7.20%
6-Mar-20,4.68,4.71,4.74,4.55,9.58M,-0.68%
5-Mar-20,4.71,4.64,4.9,4.63,14.82M,1.56%
4-Mar-20,4.64,4.58,4.97,4.54,22.92M,1.34%
3-Mar-20,4.58,4.24,4.67,4.14,19.95M,8.07%
2-Mar-20,4.24,3.86,4.34,3.82,15.23M,9.67%
1-Mar-20,3.86,4.06,4.23,3.77,17.70M,-4.86%
29-Feb-20,4.06,4.16,4.35,4.06,15.53M,-2.45%
28-Feb-20,4.16,3.96,4.23,3.75,22.50M,5.64%
27-Feb-20,3.94,3.56,4.13,3.42,22.36M,10.60%
26-Feb-20,3.56,3.49,3.85,3.31,25.74M,2.08%
25-Feb-20,3.49,3.92,3.95,3.49,14.27M,-11.03%
24-Feb-20,3.92,4.25,4.29,3.8,10.06M,-7.72%
23-Feb-20,4.25,4.11,4.37,4.07,6.70M,3.59%
22-Feb-20,4.11,4.27,4.35,4.06,7.88M,-3.91%
21-Feb-20,4.27,4.27,4.5,4.19,9.27M,0.13%
20-Feb-20,4.27,4.39,4.48,4.08,13.95M,-2.87%
19-Feb-20,4.39,4.54,4.83,4.23,12.63M,-3.31%
18-Feb-20,4.54,4.31,4.64,4.14,14.37M,5.49%
17-Feb-20,4.31,4.46,4.55,3.85,23.11M,-3.39%
16-Feb-20,4.46,4.3,4.86,4.05,27.32M,3.57%
15-Feb-20,4.3,4.43,4.62,4.07,19.21M,-2.74%
14-Feb-20,4.43,3.88,4.49,3.8,12.52M,14.00%
13-Feb-20,3.88,4,4.11,3.72,10.35M,-2.94%
12-Feb-20,4,3.99,4.2,3.85,16.60M,0.27%
11-Feb-20,3.99,3.39,4,3.35,14.13M,17.80%
10-Feb-20,3.39,3.49,3.49,3.29,8.39M,-3.12%
9-Feb-20,3.49,3.42,3.5,3.24,7.59M,2.14%
8-Feb-20,3.42,3.3,3.48,3.13,12.71M,3.56%
7-Feb-20,3.3,2.89,3.37,2.89,18.31M,14.25%
6-Feb-20,2.89,2.84,2.94,2.8,5.13M,1.81%
5-Feb-20,2.84,2.74,2.88,2.73,4.83M,3.48%
4-Feb-20,2.74,2.78,2.8,2.74,4.97M,-1.09%
3-Feb-20,2.78,2.82,2.87,2.75,3.64M,-1.71%
2-Feb-20,2.82,2.84,2.89,2.74,3.88M,-0.44%
1-Feb-20,2.84,2.83,2.88,2.75,3.05M,0.36%
31-Jan-20,2.83,2.91,2.92,2.77,4.37M,-3.03%
30-Jan-20,2.91,2.78,2.94,2.72,6.66M,4.83%
29-Jan-20,2.78,2.65,2.83,2.64,5.88M,4.78%
28-Jan-20,2.65,2.61,2.67,2.59,3.34M,1.81%
27-Jan-20,2.61,2.57,2.68,2.57,3.81M,1.24%
26-Jan-20,2.57,2.44,2.58,2.43,2.08M,5.32%
25-Jan-20,2.44,2.5,2.51,2.42,1.97M,-2.10%
24-Jan-20,2.5,2.47,2.53,2.37,4.51M,1.14%
23-Jan-20,2.47,2.65,2.65,2.43,5.33M,-6.73%
22-Jan-20,2.65,2.67,2.69,2.62,1.93M,-1.05%
21-Jan-20,2.67,2.69,2.74,2.57,3.65M,-0.67%
20-Jan-20,2.69,2.62,2.74,2.55,4.73M,2.71%
19-Jan-20,2.62,2.77,2.85,2.54,7.71M,-5.22%
18-Jan-20,2.77,2.7,2.79,2.58,5.57M,2.25%
17-Jan-20,2.7,2.49,2.86,2.46,14.47M,8.48%
16-Jan-20,2.49,2.4,2.51,2.29,5.77M,3.75%
15-Jan-20,2.4,2.38,2.56,2.34,8.02M,0.82%
14-Jan-20,2.38,2.19,2.47,2.18,8.73M,8.68%
13-Jan-20,2.19,2.24,2.24,2.16,2.38M,-1.98%
12-Jan-20,2.24,2.28,2.32,2.21,3.20M,-1.87%
11-Jan-20,2.28,2.23,2.35,2.22,5.67M,2.44%
10-Jan-20,2.23,2.19,2.25,2.15,5.05M,1.79%
9-Jan-20,2.19,2.19,2.23,2.1,6.23M,0.00%
8-Jan-20,2.19,2.1,2.35,2.1,14.64M,3.79%
7-Jan-20,2.11,1.94,2.14,1.9,8.86M,8.96%
6-Jan-20,1.94,1.8,1.94,1.79,3.97M,7.81%
5-Jan-20,1.8,1.82,1.84,1.79,1.73M,-1.58%
4-Jan-20,1.82,1.8,1.84,1.78,1.40M,1.20%
3-Jan-20,1.8,1.74,1.83,1.7,1.98M,3.65%
2-Jan-20,1.74,1.81,1.82,1.71,1.53M,-3.65%
1-Jan-20,1.81,1.77,1.85,1.76,1.24M,2.20%
31-Dec-19,1.77,1.82,1.83,1.76,1.78M,-3.21%
30-Dec-19,1.82,1.9,1.9,1.81,1.27M,-3.82%
29-Dec-19,1.9,1.87,1.92,1.85,1.59M,1.24%
28-Dec-19,1.87,1.88,1.9,1.86,1.47M,0.00%
27-Dec-19,1.88,1.85,1.93,1.85,2.63M,1.18%
26-Dec-19,1.85,1.78,1.96,1.77,2.89M,3.97%
25-Dec-19,1.78,1.84,1.85,1.76,1.69M,-3.27%
24-Dec-19,1.84,1.86,1.88,1.82,2.59M,-1.05%
23-Dec-19,1.86,1.92,1.95,1.85,3.17M,-2.71%
22-Dec-19,1.92,1.86,1.94,1.85,3.14M,2.82%
21-Dec-19,1.86,1.92,1.92,1.86,2.50M,-2.74%
20-Dec-19,1.92,1.81,1.92,1.79,3.61M,6.10%
19-Dec-19,1.81,1.87,1.89,1.75,5.55M,-3.73%
18-Dec-19,1.87,1.76,1.89,1.62,9.62M,6.79%
17-Dec-19,1.76,1.97,2,1.72,8.36M,-11.09%
16-Dec-19,1.97,2.07,2.08,1.97,2.96M,-4.68%
15-Dec-19,2.07,1.99,2.12,1.96,3.17M,3.87%
14-Dec-19,1.99,2.07,2.09,1.97,2.29M,-3.86%
13-Dec-19,2.07,2.11,2.12,2.06,2.25M,-1.45%
12-Dec-19,2.11,2.18,2.19,2.03,5.55M,-3.29%
11-Dec-19,2.18,2.27,2.3,2.15,5.64M,-3.99%
10-Dec-19,2.27,2.09,2.28,2.06,12.66M,8.27%
9-Dec-19,2.09,2.05,2.1,2.02,3.19M,2.06%
8-Dec-19,2.05,2.04,2.08,2,2.27M,0.57%
7-Dec-19,2.04,2.09,2.11,2.03,2.69M,-2.56%
6-Dec-19,2.09,2.01,2.1,1.97,4.09M,3.96%
5-Dec-19,2.01,2.03,2.07,1.96,5.91M,-0.90%
4-Dec-19,2.03,2.12,2.15,2,7.20M,-4.28%
3-Dec-19,2.12,2.09,2.19,2.06,4.51M,1.50%
2-Dec-19,2.09,2.16,2.17,2.05,4.00M,-3.14%
1-Dec-19,2.16,2.24,2.24,2.13,4.08M,-3.38%
30-Nov-19,2.24,2.34,2.34,2.2,3.40M,-4.28%
29-Nov-19,2.34,2.27,2.37,2.26,5.20M,2.90%
28-Nov-19,2.27,2.22,2.32,2.17,5.46M,2.02%
27-Nov-19,2.22,2.24,2.28,2.1,8.77M,-0.91%
26-Nov-19,2.24,2.26,2.35,2.15,8.67M,-0.57%
25-Nov-19,2.26,2.22,2.4,2.03,9.51M,1.66%
24-Nov-19,2.22,2.42,2.45,2.2,5.16M,-8.22%
23-Nov-19,2.42,2.35,2.46,2.26,5.49M,3.15%
22-Nov-19,2.35,2.54,2.59,2.14,13.01M,-7.80%
21-Nov-19,2.54,2.7,2.71,2.48,5.38M,-5.64%
20-Nov-19,2.7,2.72,2.79,2.63,4.14M,-0.98%
19-Nov-19,2.72,2.79,2.8,2.58,5.41M,-2.43%
18-Nov-19,2.79,2.91,2.96,2.7,4.27M,-3.93%
17-Nov-19,2.91,2.99,2.99,2.87,2.04M,-3.00%
16-Nov-19,2.99,3.04,3.04,2.91,2.81M,-1.38%
15-Nov-19,3.04,3.04,3.07,2.81,7.47M,-0.21%
14-Nov-19,3.04,3.02,3.16,2.97,8.42M,0.93%
13-Nov-19,3.02,2.82,3.09,2.79,8.22M,7.11%
12-Nov-19,2.82,2.74,2.87,2.73,3.86M,2.51%
11-Nov-19,2.75,2.78,2.78,2.67,2.63M,-1.08%
10-Nov-19,2.78,2.8,2.84,2.74,3.36M,-0.69%
9-Nov-19,2.8,2.71,2.85,2.7,5.78M,2.96%
8-Nov-19,2.71,2.68,2.73,2.63,3.86M,1.14%
7-Nov-19,2.68,2.74,2.75,2.62,4.06M,-2.19%
6-Nov-19,2.74,2.67,2.82,2.65,3.65M,2.63%
5-Nov-19,2.67,2.68,2.69,2.64,2.37M,-0.31%
4-Nov-19,2.68,2.66,2.73,2.63,2.61M,0.90%
3-Nov-19,2.66,2.7,2.71,2.62,1.89M,-1.65%
2-Nov-19,2.7,2.71,2.74,2.68,2.33M,0.00%
1-Nov-19,2.71,2.72,2.79,2.65,4.37M,-0.49%
31-Oct-19,2.72,2.61,2.76,2.54,4.63M,4.32%
30-Oct-19,2.61,2.66,2.68,2.52,4.65M,-2.09%
29-Oct-19,2.66,2.66,2.77,2.64,4.34M,0.00%
28-Oct-19,2.66,2.67,2.88,2.66,9.37M,0.00%
27-Oct-19,2.67,2.74,2.76,2.65,7.20M,-2.82%
26-Oct-19,2.74,2.84,2.99,2.66,15.72M,-3.29%
25-Oct-19,2.84,2.72,2.99,2.62,16.33M,4.10%
24-Oct-19,2.72,2.61,2.77,2.61,11.70M,4.38%
23-Oct-19,2.61,2.61,2.68,2.39,16.21M,0.00%
22-Oct-19,2.61,2.62,2.82,2.57,13.04M,-0.67%
21-Oct-19,2.62,2.44,2.67,2.44,13.37M,7.66%
20-Oct-19,2.44,2.35,2.45,2.29,5.13M,3.49%
19-Oct-19,2.35,2.35,2.39,2.29,5.38M,0.00%
18-Oct-19,2.35,2.41,2.5,2.32,8.45M,-2.51%
17-Oct-19,2.41,2.37,2.48,2.27,11.91M,1.61%
16-Oct-19,2.38,2.39,2.41,2.18,13.77M,-0.41%
15-Oct-19,2.39,2.53,2.59,2.34,7.40M,-5.56%
14-Oct-19,2.53,2.49,2.67,2.45,7.02M,1.56%
13-Oct-19,2.49,2.6,2.64,2.45,6.64M,-3.97%
12-Oct-19,2.59,2.75,2.75,2.56,7.22M,-5.72%
11-Oct-19,2.75,2.63,2.79,2.57,13.42M,4.62%
10-Oct-19,2.63,2.8,2.8,2.48,17.87M,-6.38%
9-Oct-19,2.8,2.58,2.94,2.51,25.07M,8.74%
8-Oct-19,2.58,2.4,2.63,2.27,18.52M,7.66%
7-Oct-19,2.4,2.17,2.49,2.1,15.24M,10.63%
6-Oct-19,2.17,1.96,2.26,1.95,11.48M,10.22%
5-Oct-19,1.96,1.97,1.98,1.91,2.60M,-0.42%
4-Oct-19,1.97,1.94,1.99,1.89,4.08M,1.49%
3-Oct-19,1.94,2.01,2.03,1.89,8.29M,-3.30%
2-Oct-19,2.01,1.83,2.02,1.81,6.70M,10.15%
1-Oct-19,1.83,1.77,1.88,1.75,5.09M,3.31%
30-Sep-19,1.77,1.7,1.77,1.64,4.47M,3.86%
29-Sep-19,1.7,1.68,1.75,1.64,4.25M,1.52%
28-Sep-19,1.68,1.66,1.7,1.63,3.05M,1.16%
27-Sep-19,1.66,1.65,1.68,1.56,5.07M,0.00%
26-Sep-19,1.65,1.75,1.76,1.53,9.18M,-5.63%
25-Sep-19,1.75,1.71,1.93,1.63,10.76M,2.30%
24-Sep-19,1.71,1.8,2.06,1.48,20.00M,-5.01%
23-Sep-19,1.8,1.82,1.88,1.78,3.38M,-0.66%
22-Sep-19,1.82,1.89,1.89,1.77,2.81M,-3.65%
21-Sep-19,1.89,1.82,1.89,1.79,3.34M,3.35%
20-Sep-19,1.82,1.87,1.87,1.76,4.06M,-2.32%
19-Sep-19,1.87,1.8,1.9,1.73,10.91M,3.47%
18-Sep-19,1.8,1.63,1.84,1.62,9.95M,10.47%
17-Sep-19,1.63,1.58,1.67,1.55,5.99M,3.66%
16-Sep-19,1.58,1.61,1.63,1.55,4.14M,-2.39%
15-Sep-19,1.61,1.56,1.64,1.56,4.58M,3.23%
14-Sep-19,1.56,1.58,1.64,1.53,6.40M,-0.71%
13-Sep-19,1.58,1.71,1.71,1.51,7.41M,-7.67%
12-Sep-19,1.71,1.73,1.74,1.69,2.44M,-1.08%
11-Sep-19,1.73,1.8,1.83,1.71,2.48M,-4.05%
10-Sep-19,1.8,1.79,1.83,1.77,3.02M,0.00%
9-Sep-19,1.79,1.83,1.87,1.76,3.91M,-1.80%
8-Sep-19,1.83,1.77,1.9,1.76,3.93M,3.43%
7-Sep-19,1.77,1.72,1.8,1.71,2.62M,2.66%
6-Sep-19,1.72,1.79,1.83,1.69,3.50M,-4.16%
5-Sep-19,1.79,1.78,1.86,1.77,3.09M,1.02%
4-Sep-19,1.78,1.85,1.86,1.74,3.86M,-4.12%
3-Sep-19,1.85,1.83,1.94,1.82,3.65M,1.54%
2-Sep-19,1.83,1.77,1.89,1.73,3.43M,3.25%
1-Sep-19,1.77,1.78,1.8,1.72,1.54M,-0.65%
31-Aug-19,1.78,1.8,1.85,1.74,2.15M,-1.33%
30-Aug-19,1.8,1.78,1.89,1.74,2.99M,1.25%
29-Aug-19,1.78,1.89,1.89,1.73,4.64M,-5.92%
28-Aug-19,1.89,2.11,2.11,1.88,3.60M,-10.48%
27-Aug-19,2.11,2.07,2.18,2.01,3.44M,1.92%
26-Aug-19,2.07,2.08,2.15,2.05,2.63M,0.00%
25-Aug-19,2.08,2.17,2.18,2.03,3.14M,-4.51%
24-Aug-19,2.17,2.24,2.25,2.16,2.01M,-2.83%
23-Aug-19,2.24,2.22,2.31,2.17,5.16M,0.62%
22-Aug-19,2.22,2.21,2.29,2.14,3.39M,0.85%
21-Aug-19,2.21,2.36,2.37,2.16,5.72M,-6.61%
20-Aug-19,2.36,2.49,2.54,2.34,4.08M,-5.27%
19-Aug-19,2.49,2.5,2.6,2.45,4.88M,-0.30%
18-Aug-19,2.5,2.4,2.56,2.37,4.31M,4.13%
17-Aug-19,2.4,2.3,2.42,2.28,2.42M,4.18%
16-Aug-19,2.3,2.42,2.46,2.23,4.19M,-4.71%
15-Aug-19,2.42,2.28,2.45,2.26,3.55M,6.17%
14-Aug-19,2.28,2.42,2.6,2.17,8.25M,-5.72%
13-Aug-19,2.42,2.39,2.47,2.31,3.71M,1.23%
12-Aug-19,2.39,2.42,2.48,2.34,2.96M,-1.17%
11-Aug-19,2.42,2.33,2.49,2.29,4.18M,3.46%
10-Aug-19,2.33,2.17,2.4,2.13,6.06M,7.74%
9-Aug-19,2.17,2.28,2.29,2.15,2.76M,-4.94%
8-Aug-19,2.28,2.38,2.4,2.27,3.37M,-4.34%
7-Aug-19,2.38,2.47,2.5,2.36,3.92M,-3.38%
6-Aug-19,2.47,2.46,2.51,2.31,7.02M,0.28%
5-Aug-19,2.46,2.51,2.64,2.46,6.31M,-1.85%
4-Aug-19,2.51,2.41,2.6,2.38,7.33M,3.79%
3-Aug-19,2.41,2.43,2.73,2.36,13.90M,-0.50%
2-Aug-19,2.43,2.16,2.49,2.14,7.48M,12.24%
1-Aug-19,2.16,2.21,2.23,2.11,3.24M,-1.98%
31-Jul-19,2.21,2.07,2.24,2.06,5.22M,6.86%
30-Jul-19,2.06,2.13,2.18,1.98,5.53M,-3.26%
29-Jul-19,2.13,2.22,2.25,2.11,2.67M,-3.72%
28-Jul-19,2.22,2.25,2.27,2.11,2.21M,-1.33%
27-Jul-19,2.25,2.4,2.46,2.22,4.86M,-6.38%
26-Jul-19,2.4,2.37,2.42,2.32,2.33M,1.07%
25-Jul-19,2.37,2.4,2.51,2.36,4.47M,-1.31%
24-Jul-19,2.4,2.35,2.51,2.28,5.96M,2.25%
23-Jul-19,2.35,2.41,2.52,2.25,6.40M,-2.34%
22-Jul-19,2.41,2.53,2.59,2.38,4.16M,-5.00%
21-Jul-19,2.53,2.64,2.66,2.46,4.01M,-3.87%
20-Jul-19,2.64,2.6,2.73,2.58,5.55M,1.55%
19-Jul-19,2.6,2.67,2.75,2.5,6.57M,-2.69%
18-Jul-19,2.67,2.4,2.79,2.35,15.91M,11.56%
17-Jul-19,2.39,2.19,2.59,2.06,15.95M,9.45%
16-Jul-19,2.19,2.69,2.77,2.16,9.87M,-18.84%
15-Jul-19,2.69,2.79,2.85,2.59,8.91M,-3.60%
14-Jul-19,2.79,3.17,3.24,2.76,10.09M,-12.00%
13-Jul-19,3.17,3.17,3.29,3.05,11.58M,0.00%
12-Jul-19,3.17,2.78,3.32,2.6,13.95M,13.80%
11-Jul-19,2.78,3.11,3.15,2.71,9.10M,-10.63%
10-Jul-19,3.12,3.07,3.26,2.86,12.42M,1.63%
9-Jul-19,3.07,3.34,3.37,2.96,12.34M,-8.13%
8-Jul-19,3.34,3.28,3.56,3.25,6.95M,1.85%
7-Jul-19,3.28,3.47,3.51,3.25,7.18M,-5.51%
6-Jul-19,3.47,3.64,3.65,3.45,6.73M,-4.76%
5-Jul-19,3.64,3.46,3.75,3.46,14.06M,5.22%
4-Jul-19,3.46,3.49,3.6,3.22,13.26M,-0.88%
3-Jul-19,3.49,3.74,3.88,3.49,14.14M,-6.65%
2-Jul-19,3.74,3.64,3.98,3.2,32.72M,2.73%
1-Jul-19,3.64,3.39,3.85,2.95,30.44M,7.45%
30-Jun-19,3.39,3.71,4.23,3.25,31.12M,-8.81%
29-Jun-19,3.72,3.03,4.57,2.95,68.09M,22.42%
28-Jun-19,3.03,2.29,3.1,2.21,19.15M,32.27%
27-Jun-19,2.29,2.28,2.55,2.12,17.62M,0.77%
26-Jun-19,2.28,2.19,2.44,2.03,20.96M,3.91%
25-Jun-19,2.19,1.87,2.43,1.86,27.58M,17.33%
24-Jun-19,1.87,1.81,1.88,1.79,3.33M,3.10%
23-Jun-19,1.81,1.84,1.91,1.77,6.46M,-1.70%
22-Jun-19,1.84,1.69,1.94,1.68,11.12M,9.24%
21-Jun-19,1.69,1.77,1.79,1.62,8.95M,-4.52%
20-Jun-19,1.77,1.84,1.89,1.69,7.24M,-3.77%
19-Jun-19,1.84,1.82,1.9,1.8,6.68M,1.11%
18-Jun-19,1.82,1.96,2.02,1.76,17.29M,-7.18%
17-Jun-19,1.96,1.66,2.07,1.66,22.43M,17.65%
16-Jun-19,1.66,1.71,1.8,1.6,11.11M,-2.68%
15-Jun-19,1.71,1.63,1.81,1.6,215.58K,4.76%
14-Jun-19,1.63,1.85,1.9,1.5,554.79K,-11.93%
13-Jun-19,1.85,1.15,1.99,1.12,399.34K,61.72%
12-Jun-19,1.15,1.12,1.16,1.08,39.50K,2.33%
11-Jun-19,1.12,1.21,1.21,1.1,34.25K,-7.47%
10-Jun-19,1.21,1.06,1.21,1.04,34.07K,14.30%
9-Jun-19,1.06,1.14,1.15,1.01,28.95K,-7.22%
8-Jun-19,1.14,1.18,1.19,1.12,33.08K,-3.13%
7-Jun-19,1.18,1.11,1.25,1.07,98.03K,6.19%
6-Jun-19,1.11,1.1,1.26,1.06,161.58K,1.25%
5-Jun-19,1.1,0.88,1.1,0.88,78.06K,24.58%
4-Jun-19,0.88,0.92,0.93,0.85,34.17K,-3.99%
3-Jun-19,0.92,1.02,1.02,0.9,37.09K,-10.61%
2-Jun-19,1.02,0.95,1.05,0.94,82.84K,7.35%
1-Jun-19,0.95,1.02,1.05,0.95,29.84K,-6.34%
31-May-19,1.02,1.01,1.04,0.93,87.24K,0.88%
30-May-19,1.01,1.17,1.22,0.93,97.80K,-13.65%
29-May-19,1.17,1.28,1.28,1.15,72.98K,-8.62%
28-May-19,1.28,1.22,1.34,1.15,110.85K,5.29%
27-May-19,1.22,1.08,1.25,1.08,132.73K,12.18%
26-May-19,1.08,1.11,1.18,1.04,92.20K,-2.71%
25-May-19,1.11,1.31,1.33,1.1,93.99K,-15.17%
24-May-19,1.31,1.34,1.43,1.2,101.62K,-1.88%
23-May-19,1.34,1.22,1.39,1.15,86.71K,9.69%
22-May-19,1.22,1.2,1.47,1.14,133.28K,2.02%
21-May-19,1.2,1.12,1.23,1.06,57.31K,7.07%
20-May-19,1.12,1.02,1.17,0.96,28.09K,9.79%
19-May-19,1.02,0.94,1.11,0.94,62.09K,8.73%
18-May-19,0.94,0.88,0.96,0.86,18.65K,6.80%
17-May-19,0.88,0.92,0.98,0.82,47.88K,-5.25%
16-May-19,0.92,0.85,0.93,0.74,47.94K,8.98%
15-May-19,0.85,0.8,0.88,0.78,75.11K,6.46%
14-May-19,0.8,0.67,0.98,0.64,114.29K,19.59%
13-May-19,0.67,0.65,0.69,0.65,8.74K,2.16%
12-May-19,0.65,0.69,0.7,0.63,13.86K,-4.96%
11-May-19,0.69,0.69,0.76,0.65,48.50K,0.00%
10-May-19,0.69,0.68,0.76,0.65,62.76K,1.16%
9-May-19,0.68,0.59,0.75,0.59,70.85K,14.46%
8-May-19,0.59,0.55,0.62,0.53,22.96K,8.29%
7-May-19,0.55,0.58,0.61,0.55,13.97K,-4.78%
6-May-19,0.58,0.5,0.59,0.5,17.48K,14.48%
5-May-19,0.5,0.5,0.5,0.49,1.53K,0.00%
4-May-19,0.5,0.52,0.52,0.49,6.58K,-4.02%
3-May-19,0.52,0.46,0.52,0.46,3.18K,12.76%
2-May-19,0.46,0.48,0.48,0.46,3.95K,-3.00%
1-May-19,0.48,0.46,0.49,0.46,15.82K,2.74%
30-Apr-19,0.46,0.42,0.47,0.42,2.68K,10.21%
29-Apr-19,0.42,0.45,0.45,0.42,1.29K,-6.14%
28-Apr-19,0.45,0.45,0.46,0.44,4.17K,0.00%
27-Apr-19,0.45,0.43,0.46,0.43,4.14K,6.34%
26-Apr-19,0.43,0.45,0.45,0.43,3.04K,-5.40%
25-Apr-19,0.45,0.47,0.49,0.45,7.46K,-4.21%
24-Apr-19,0.47,0.49,0.53,0.43,9.04K,-3.15%
23-Apr-19,0.49,0.49,0.5,0.48,7.52K,-1.36%
22-Apr-19,0.49,0.49,0.6,0.49,39.64K,0.00%
21-Apr-19,0.49,0.5,0.51,0.4,1.26K,-2.50%
20-Apr-19,0.5,0.52,0.53,0.5,0.48K,-2.42%
19-Apr-19,0.52,0.52,0.52,0.52,1.33K,0.00%
18-Apr-19,0.52,0.5,0.52,0.5,0.27K,3.43%
17-Apr-19,0.5,0.51,0.51,0.48,7.40K,-1.67%
16-Apr-19,0.51,0.5,0.51,0.49,6.03K,2.82%
15-Apr-19,0.5,0.52,0.53,0.48,21.78K,-5.45%
14-Apr-19,0.52,0.53,0.54,0.51,10.03K,-1.15%
13-Apr-19,0.53,0.51,0.54,0.5,11.43K,5.03%
12-Apr-19,0.51,0.49,0.51,0.46,22.47K,2.93%
11-Apr-19,0.49,0.52,0.52,0.47,28.31K,-5.45%
10-Apr-19,0.52,0.53,0.54,0.51,3.53K,-2.61%
9-Apr-19,0.53,0.55,0.55,0.49,5.58K,-2.56%
8-Apr-19,0.55,0.57,0.61,0.49,10.46K,-3.87%
7-Apr-19,0.57,0.58,0.58,0.56,5.04K,-1.51%
6-Apr-19,0.58,0.56,0.59,0.56,7.40K,2.41%
5-Apr-19,0.56,0.54,0.58,0.54,6.88K,5.26%
4-Apr-19,0.54,0.56,0.58,0.52,15.65K,-3.70%
3-Apr-19,0.56,0.58,0.6,0.56,9.70K,-4.33%
2-Apr-19,0.58,0.56,0.59,0.51,9.28K,4.49%
1-Apr-19,0.56,0.52,0.56,0.52,12.67K,9.39%
31-Mar-19,0.51,0.49,0.54,0.49,13.48K,3.48%
30-Mar-19,0.49,0.49,0.5,0.48,3.82K,0.00%
29-Mar-19,0.49,0.49,0.5,0.49,4.84K,0.00%
28-Mar-19,0.49,0.49,0.51,0.48,5.93K,1.31%
27-Mar-19,0.49,0.46,0.5,0.45,2.61K,6.42%
26-Mar-19,0.46,0.47,0.49,0.45,4.50K,-3.09%
25-Mar-19,0.47,0.45,0.48,0.44,8.41K,3.92%
24-Mar-19,0.45,0.46,0.47,0.45,1.49K,0.00%
23-Mar-19,0.46,0.46,0.5,0.46,2.24K,-1.34%
22-Mar-19,0.46,0.46,0.46,0.44,5.92K,0.00%
21-Mar-19,0.46,0.48,0.48,0.44,3.42K,-3.80%
20-Mar-19,0.48,0.49,0.5,0.47,1.60K,0.00%
19-Mar-19,0.49,0.47,0.49,0.47,0.70K,2.32%
18-Mar-19,0.47,0.48,0.48,0.46,2.15K,-1.08%
17-Mar-19,0.48,0.47,0.5,0.47,3.49K,0.00%
16-Mar-19,0.47,0.48,0.49,0.47,2.57K,-1.51%
15-Mar-19,0.48,0.49,0.51,0.48,1.01K,-1.09%
14-Mar-19,0.49,0.48,0.49,0.47,6.92K,0.00%
13-Mar-19,0.48,0.53,0.53,0.47,3.18K,-8.07%
12-Mar-19,0.53,0.46,0.53,0.45,14.33K,14.46%
11-Mar-19,0.46,0.5,0.51,0.46,13.10K,-8.65%
10-Mar-19,0.5,0.47,0.54,0.47,14.40K,7.37%
9-Mar-19,0.47,0.47,0.48,0.45,8.83K,0.00%
8-Mar-19,0.47,0.47,0.5,0.46,15.81K,0.00%
7-Mar-19,0.47,0.43,0.47,0.42,2.92K,7.49%
6-Mar-19,0.43,0.42,0.44,0.42,1.73K,3.88%
5-Mar-19,0.42,0.42,0.43,0.4,4.12K,0.00%
4-Mar-19,0.42,0.43,0.43,0.4,1.31K,-2.28%
3-Mar-19,0.43,0.42,0.43,0.42,1.00K,1.77%
2-Mar-19,0.42,0.43,0.43,0.42,2.77K,-2.17%
1-Mar-19,0.43,0.43,0.44,0.42,3.25K,0.00%
28-Feb-19,0.43,0.42,0.44,0.42,2.03K,0.00%
27-Feb-19,0.42,0.44,0.44,0.42,0.81K,-3.48%
26-Feb-19,0.44,0.47,0.47,0.43,4.00K,-5.53%
25-Feb-19,0.47,0.4,0.47,0.4,4.80K,14.84%
24-Feb-19,0.4,0.46,0.46,0.4,10.66K,-11.88%
23-Feb-19,0.46,0.45,0.46,0.45,3.14K,3.07%
22-Feb-19,0.45,0.45,0.45,0.44,3.28K,0.00%
21-Feb-19,0.45,0.46,0.48,0.44,21.79K,-2.84%
20-Feb-19,0.46,0.47,0.47,0.45,7.17K,-1.37%
19-Feb-19,0.47,0.47,0.47,0.47,2.99K,0.00%
18-Feb-19,0.47,0.45,0.48,0.45,7.59K,4.58%
17-Feb-19,0.45,0.44,0.47,0.42,5.40K,2.86%
16-Feb-19,0.44,0.44,0.44,0.43,7.23K,0.00%
15-Feb-19,0.44,0.43,0.44,0.42,8.37K,2.43%
14-Feb-19,0.43,0.44,0.45,0.43,5.13K,-2.46%
13-Feb-19,0.44,0.43,0.44,0.42,11.19K,1.44%
12-Feb-19,0.43,0.43,0.43,0.42,1.46K,0.00%
11-Feb-19,0.43,0.45,0.45,0.42,14.24K,-4.75%
10-Feb-19,0.45,0.47,0.48,0.45,7.78K,-3.56%
9-Feb-19,0.47,0.45,0.49,0.43,24.68K,4.90%
8-Feb-19,0.45,0.4,0.45,0.4,11.60K,10.51%
7-Feb-19,0.4,0.4,0.42,0.39,5.26K,0.00%
6-Feb-19,0.4,0.42,0.42,0.39,6.39K,-4.27%
5-Feb-19,0.42,0.39,0.43,0.39,6.40K,6.20%
4-Feb-19,0.39,0.39,0.4,0.38,6.64K,2.36%
3-Feb-19,0.39,0.41,0.41,0.39,7.15K,-5.37%
2-Feb-19,0.41,0.41,0.43,0.4,10.13K,0.00%
1-Feb-19,0.41,0.4,0.42,0.38,21.78K,2.31%
31-Jan-19,0.4,0.41,0.42,0.39,13.73K,-3.91%
30-Jan-19,0.41,0.45,0.47,0.41,17.79K,-8.38%
29-Jan-19,0.45,0.4,0.46,0.4,65.93K,11.91%
28-Jan-19,0.4,0.43,0.43,0.36,27.09K,-6.05%
27-Jan-19,0.43,0.47,0.54,0.43,9.86K,-9.01%
26-Jan-19,0.47,0.48,0.48,0.47,3.09K,-2.09%
25-Jan-19,0.48,0.5,0.51,0.47,25.25K,-2.94%
24-Jan-19,0.5,0.5,0.5,0.48,32.03K,0.00%
23-Jan-19,0.5,0.53,0.54,0.5,28.31K,-6.20%
22-Jan-19,0.53,0.5,0.55,0.5,23.12K,6.78%
21-Jan-19,0.5,0.47,0.52,0.47,16.26K,5.46%
20-Jan-19,0.47,0.48,0.48,0.46,22.39K,-1.48%
19-Jan-19,0.48,0.49,0.49,0.47,24.38K,-2.12%
18-Jan-19,0.49,0.47,0.5,0.46,18.70K,3.80%
17-Jan-19,0.47,0.49,0.52,0.46,60.88K,-3.33%
16-Jan-19,0.49,0.51,0.57,0.47,78.65K,-3.35%
15-Jan-19,0.51,0.47,0.58,0.46,152.08K,8.99%
14-Jan-19,0.47,0.44,0.49,0.41,41.46K,4.49%
13-Jan-19,0.44,0.41,0.44,0.37,7.95K,9.88%
12-Jan-19,0.41,0.43,0.46,0.39,25.40K,-6.53%
11-Jan-19,0.43,0.35,0.44,0.35,19.21K,23.03%
10-Jan-19,0.35,0.4,0.4,0.34,26.40K,-11.26%
9-Jan-19,0.4,0.41,0.43,0.39,7.92K,-4.22%
8-Jan-19,0.41,0.37,0.41,0.36,9.05K,12.61%
7-Jan-19,0.37,0.39,0.39,0.37,2.22K,-5.23%
6-Jan-19,0.39,0.37,0.4,0.35,3.31K,5.72%
5-Jan-19,0.37,0.42,0.42,0.37,1.00K,-12.36%
4-Jan-19,0.42,0.36,0.46,0.34,12.52K,16.38%
3-Jan-19,0.36,0.32,0.37,0.3,14.97K,13.85%
2-Jan-19,0.32,0.32,0.32,0.32,-,0.00%
1-Jan-19,0.32,0.32,0.32,0.32,-,0.00%
31-Dec-18,0.32,0.29,0.32,0.29,0.57K,9.26%
30-Dec-18,0.29,0.29,0.29,0.29,-,0.00%
29-Dec-18,0.29,0.29,0.31,0.29,5.14K,0.00%
28-Dec-18,0.29,0.27,0.31,0.26,1.77K,5.97%
27-Dec-18,0.27,0.29,0.29,0.27,0.69K,-7.83%
26-Dec-18,0.29,0.3,0.32,0.28,3.88K,-3.05%
25-Dec-18,0.3,0.31,0.31,0.27,4.27K,0.00%
24-Dec-18,0.31,0.3,0.33,0.3,17.52K,1.70%
23-Dec-18,0.3,0.28,0.32,0.28,14.40K,6.84%
22-Dec-18,0.28,0.29,0.31,0.28,12.29K,-4.36%
21-Dec-18,0.29,0.33,0.33,0.29,16.67K,-9.91%
20-Dec-18,0.33,0.29,0.34,0.29,58.05K,13.04%
19-Dec-18,0.29,0.26,0.31,0.25,93.66K,10.88%
18-Dec-18,0.26,0.22,0.26,0.22,34.17K,15.56%
17-Dec-18,0.22,0.21,0.23,0.21,87.08K,9.12%
16-Dec-18,0.21,0.19,0.37,0.19,56.12K,7.06%
15-Dec-18,0.19,0.2,0.2,0.19,0.20K,-5.63%
14-Dec-18,0.2,0.2,0.2,0.2,-,0.00%
13-Dec-18,0.2,0.22,0.22,0.2,8.86K,-5.86%
12-Dec-18,0.22,0.28,0.28,0.21,12.80K,-22.52%
11-Dec-18,0.28,0.24,0.31,0.21,12.75K,17.56%
10-Dec-18,0.24,0.24,0.24,0.24,-,0.00%
9-Dec-18,0.24,0.24,0.24,0.22,2.56K,0.00%
8-Dec-18,0.24,0.21,0.24,0.21,1.49K,15.93%
7-Dec-18,0.21,0.22,0.22,0.2,3.97K,-6.89%
6-Dec-18,0.22,0.27,0.27,0.22,3.25K,-17.20%
5-Dec-18,0.27,0.29,0.29,0.27,1.07K,-8.05%
4-Dec-18,0.29,0.29,0.3,0.28,9.04K,0.00%
3-Dec-18,0.29,0.32,0.32,0.28,2.74K,-9.43%
2-Dec-18,0.32,0.33,0.39,0.29,19.80K,-3.18%
1-Dec-18,0.33,0.32,0.34,0.32,3.13K,2.70%
30-Nov-18,0.32,0.34,0.38,0.32,31.73K,-4.96%
29-Nov-18,0.34,0.34,0.36,0.32,5.10K,0.00%
28-Nov-18,0.34,0.3,0.34,0.29,17.43K,11.64%
27-Nov-18,0.3,0.29,0.31,0.27,32.67K,4.74%
26-Nov-18,0.29,0.26,0.29,0.25,3.24K,8.38%
25-Nov-18,0.26,0.28,0.28,0.24,10.79K,-6.99%
24-Nov-18,0.28,0.35,0.38,0.28,3.90K,-18.10%
23-Nov-18,0.35,0.37,0.37,0.35,0.73K,-5.44%
22-Nov-18,0.37,0.34,0.37,0.34,2.73K,8.18%
21-Nov-18,0.34,0.38,0.38,0.34,4.13K,-10.98%
20-Nov-18,0.38,0.39,0.4,0.32,9.56K,-2.88%
19-Nov-18,0.39,0.46,0.53,0.39,5.55K,-13.74%
18-Nov-18,0.46,0.49,0.56,0.46,6.36K,-6.16%
17-Nov-18,0.49,0.51,0.51,0.48,3.98K,-5.67%
16-Nov-18,0.51,0.55,0.55,0.51,2.09K,-6.52%
15-Nov-18,0.55,0.54,0.56,0.48,32.13K,2.55%
14-Nov-18,0.54,0.58,0.63,0.51,38.43K,-8.22%
13-Nov-18,0.58,0.57,0.63,0.54,36.94K,1.92%
12-Nov-18,0.57,0.51,0.57,0.5,11.16K,11.76%
11-Nov-18,0.51,0.51,0.52,0.5,2.78K,0.00%
10-Nov-18,0.51,0.5,0.53,0.5,15.52K,2.62%
9-Nov-18,0.5,0.5,0.5,0.49,2.09K,0.00%
8-Nov-18,0.5,0.49,0.54,0.49,13.39K,2.69%
7-Nov-18,0.49,0.51,0.51,0.48,2.33K,-3.65%
6-Nov-18,0.51,0.48,0.51,0.41,11.40K,5.53%
5-Nov-18,0.48,0.51,0.51,0.48,7.20K,-6.09%
4-Nov-18,0.51,0.54,0.56,0.48,10.25K,-4.04%
3-Nov-18,0.54,0.51,0.55,0.44,8.88K,5.50%
2-Nov-18,0.51,0.52,0.53,0.51,14.63K,-2.50%
1-Nov-18,0.52,0.51,0.6,0.4,98.38K,1.48%
31-Oct-18,0.51,0.46,0.52,0.45,17.54K,10.68%
30-Oct-18,0.46,0.41,0.47,0.41,10.75K,12.07%
29-Oct-18,0.41,0.44,0.47,0.4,10.97K,-5.77%
28-Oct-18,0.44,0.45,0.47,0.44,2.82K,-2.27%
27-Oct-18,0.45,0.42,0.45,0.42,1.67K,7.03%
26-Oct-18,0.42,0.44,0.46,0.42,1.41K,-4.22%
25-Oct-18,0.44,0.42,0.44,0.42,0.55K,4.69%
24-Oct-18,0.42,0.44,0.44,0.42,0.91K,-5.75%
23-Oct-18,0.44,0.39,0.49,0.39,38.37K,15.09%
22-Oct-18,0.39,0.38,0.39,0.36,7.27K,0.00%
21-Oct-18,0.38,0.38,0.38,0.37,2.25K,2.48%
20-Oct-18,0.38,0.36,0.38,0.36,11.40K,3.64%
19-Oct-18,0.36,0.39,0.39,0.33,9.65K,-6.28%
18-Oct-18,0.39,0.38,0.4,0.37,13.48K,0.00%
17-Oct-18,0.38,0.36,0.4,0.36,19.73K,5.31%
16-Oct-18,0.36,0.35,0.37,0.34,2.15K,4.36%
15-Oct-18,0.35,0.32,0.36,0.32,2.01K,8.91%
14-Oct-18,0.32,0.33,0.33,0.32,1.99K,-1.63%
13-Oct-18,0.33,0.32,0.33,0.31,4.22K,3.04%
12-Oct-18,0.32,0.29,0.32,0.29,2.42K,7.13%
11-Oct-18,0.29,0.36,0.36,0.29,3.28K,-18.66%
10-Oct-18,0.36,0.35,0.36,0.34,4.45K,4.68%
9-Oct-18,0.35,0.34,0.35,0.33,0.67K,2.61%
8-Oct-18,0.34,0.33,0.35,0.33,1.03K,0.00%
7-Oct-18,0.33,0.34,0.36,0.31,8.18K,0.00%
6-Oct-18,0.34,0.35,0.38,0.33,22.17K,-3.06%
5-Oct-18,0.35,0.32,0.37,0.32,8.08K,9.57%
4-Oct-18,0.32,0.31,0.32,0.31,0.23K,1.79%
3-Oct-18,0.31,0.32,0.34,0.31,0.48K,-1.91%
2-Oct-18,0.32,0.33,0.34,0.32,1.26K,-2.62%
1-Oct-18,0.33,0.32,0.34,0.32,0.70K,2.69%
30-Sep-18,0.32,0.35,0.35,0.32,0.60K,-7.53%
29-Sep-18,0.35,0.34,0.35,0.32,2.21K,2.16%
28-Sep-18,0.34,0.35,0.35,0.32,4.23K,-3.26%
27-Sep-18,0.35,0.34,0.35,0.33,6.30K,2.22%
26-Sep-18,0.34,0.35,0.37,0.31,85.62K,-2.01%
25-Sep-18,0.35,0.35,0.35,0.32,3.93K,0.00%
24-Sep-18,0.35,0.35,0.35,0.33,2.59K,0.00%
23-Sep-18,0.35,0.33,0.36,0.32,5.47K,4.92%
22-Sep-18,0.33,0.36,0.36,0.31,72.68K,-7.54%
21-Sep-18,0.36,0.41,0.41,0.34,21.42K,-13.37%
20-Sep-18,0.41,0.33,0.42,0.33,64.04K,25.83%
19-Sep-18,0.33,0.28,0.34,0.28,19.04K,17.52%
18-Sep-18,0.28,0.28,0.29,0.28,4.34K,0.00%
17-Sep-18,0.28,0.32,0.32,0.26,3.37K,-11.79%
16-Sep-18,0.32,0.32,0.32,0.32,1.65K,22.15%
15-Sep-18,0.26,0.26,0.26,0.26,-,0.00%
14-Sep-18,0.26,0.26,0.29,0.26,0.79K,0.00%
13-Sep-18,0.26,0.2,0.29,0.2,0.72K,30.21%
12-Sep-18,0.2,0.26,0.26,0.2,2.75K,-23.64%
11-Sep-18,0.26,0.25,0.26,0.25,5.79K,6.28%
10-Sep-18,0.25,0.25,0.25,0.24,1.64K,0.00%
9-Sep-18,0.25,0.24,0.25,0.24,7.07K,5.06%
8-Sep-18,0.24,0.26,0.26,0.23,7.23K,-6.70%
7-Sep-18,0.26,0.26,0.29,0.22,10.37K,-2.49%
6-Sep-18,0.26,0.29,0.3,0.26,7.30K,-8.02%
5-Sep-18,0.29,0.3,0.3,0.26,11.65K,-4.25%
4-Sep-18,0.3,0.31,0.31,0.28,13.30K,0.00%
3-Sep-18,0.31,0.3,0.32,0.3,17.99K,0.00%
2-Sep-18,0.3,0.33,0.35,0.3,7.68K,-7.34%
1-Sep-18,0.33,0.32,0.33,0.32,7.89K,1.69%
31-Aug-18,0.32,0.3,0.32,0.3,3.94K,6.14%
30-Aug-18,0.3,0.31,0.31,0.28,6.07K,-2.27%
29-Aug-18,0.31,0.34,0.34,0.3,3.84K,-8.70%
28-Aug-18,0.34,0.33,0.34,0.3,43.54K,2.96%
27-Aug-18,0.33,0.33,0.34,0.31,11.47K,0.00%
26-Aug-18,0.33,0.32,0.33,0.31,37.91K,4.48%
25-Aug-18,0.32,0.32,0.33,0.31,13.13K,0.00%
24-Aug-18,0.32,0.31,0.33,0.3,20.05K,0.00%
23-Aug-18,0.31,0.31,0.33,0.3,27.37K,1.76%
22-Aug-18,0.31,0.31,0.35,0.3,18.57K,0.00%
21-Aug-18,0.31,0.29,0.34,0.28,18.36K,4.16%
20-Aug-18,0.29,0.3,0.3,0.28,8.74K,0.00%
19-Aug-18,0.3,0.27,0.3,0.27,17.40K,10.06%
18-Aug-18,0.27,0.29,0.3,0.27,29.52K,-6.01%
17-Aug-18,0.29,0.27,0.29,0.26,19.61K,5.34%
16-Aug-18,0.27,0.26,0.28,0.26,3.67K,5.08%
15-Aug-18,0.26,0.27,0.28,0.25,29.14K,-3.70%
14-Aug-18,0.27,0.27,0.27,0.22,30.01K,0.00%
13-Aug-18,0.27,0.28,0.29,0.26,16.28K,-4.21%
12-Aug-18,0.28,0.27,0.29,0.26,9.66K,2.05%
11-Aug-18,0.27,0.27,0.29,0.23,40.63K,0.00%
10-Aug-18,0.27,0.28,0.31,0.27,24.21K,0.00%
9-Aug-18,0.28,0.23,0.3,0.23,48.74K,20.72%
8-Aug-18,0.23,0.24,0.24,0.2,4.87K,-2.76%
7-Aug-18,0.24,0.24,0.25,0.23,8.06K,-2.41%
6-Aug-18,0.24,0.25,0.29,0.24,7.18K,-4.93%
5-Aug-18,0.25,0.25,0.29,0.24,11.09K,2.38%
4-Aug-18,0.25,0.28,0.3,0.25,28.22K,-12.54%
3-Aug-18,0.28,0.31,0.31,0.27,32.11K,-8.38%
2-Aug-18,0.31,0.28,0.4,0.28,34.45K,10.63%
1-Aug-18,0.28,0.29,0.31,0.27,13.96K,-2.03%
31-Jul-18,0.29,0.33,0.33,0.28,14.58K,-13.02%
30-Jul-18,0.33,0.33,0.44,0.28,50.36K,-1.53%
29-Jul-18,0.33,0.28,0.35,0.27,95.53K,19.18%
28-Jul-18,0.28,0.27,0.29,0.25,19.40K,4.88%
27-Jul-18,0.27,0.26,0.28,0.25,45.17K,3.70%
26-Jul-18,0.26,0.25,0.28,0.24,57.84K,4.09%
25-Jul-18,0.25,0.2,0.27,0.2,72.32K,21.16%
24-Jul-18,0.2,0.21,0.21,0.19,5.60K,-2.63%
23-Jul-18,0.21,0.21,0.21,0.2,15.16K,0.00%
22-Jul-18,0.21,0.21,0.21,0.2,17.93K,-2.56%
21-Jul-18,0.21,0.21,0.21,0.19,7.19K,0.00%
20-Jul-18,0.21,0.23,0.23,0.21,2.63K,-9.17%
19-Jul-18,0.23,0.24,0.24,0.23,5.67K,-2.54%
18-Jul-18,0.24,0.25,0.25,0.23,4.43K,-4.90%
17-Jul-18,0.25,0.22,0.3,0.21,19.37K,15.53%
16-Jul-18,0.22,0.2,0.24,0.19,21.16K,9.88%
15-Jul-18,0.2,0.19,0.2,0.19,21.94K,0.00%
14-Jul-18,0.19,0.2,0.2,0.19,35.89K,0.00%
13-Jul-18,0.2,0.2,0.25,0.19,12.46K,0.00%
12-Jul-18,0.2,0.21,0.21,0.18,3.56K,-3.06%
11-Jul-18,0.21,0.21,0.21,0.2,3.70K,0.00%
10-Jul-18,0.21,0.23,0.26,0.2,3.84K,-9.29%
9-Jul-18,0.23,0.25,0.26,0.23,24.50K,-5.22%
8-Jul-18,0.25,0.25,0.25,0.24,8.33K,0.00%
7-Jul-18,0.25,0.23,0.27,0.23,29.89K,9.55%
6-Jul-18,0.23,0.22,0.23,0.21,9.27K,6.09%
5-Jul-18,0.22,0.24,0.24,0.22,13.14K,-9.47%
4-Jul-18,0.24,0.24,0.24,0.23,33.27K,0.00%
3-Jul-18,0.24,0.25,0.26,0.24,31.45K,-7.50%
2-Jul-18,0.25,0.22,0.26,0.22,13.08K,5.73%
1-Jul-18,0.24,0.22,0.26,0.21,6.84K,8.80%
30-Jun-18,0.22,0.18,0.22,0.18,42.78K,34.49%
29-Jun-18,0.16,0.16,0.16,0.16,31.08K,-5.29%
28-Jun-18,0.17,0.17,0.18,0.17,30.31K,0.00%
27-Jun-18,0.17,0.17,0.18,0.17,5.36K,0.00%
26-Jun-18,0.17,0.18,0.18,0.16,19.99K,0.00%
25-Jun-18,0.18,0.18,0.18,0.18,8.75K,0.00%
24-Jun-18,0.18,0.19,0.19,0.17,13.26K,-8.62%
23-Jun-18,0.19,0.19,0.19,0.18,17.47K,6.21%
22-Jun-18,0.18,0.22,0.22,0.18,31.95K,-16.67%
21-Jun-18,0.22,0.23,0.23,0.21,17.85K,-2.26%
20-Jun-18,0.23,0.22,0.26,0.21,45.95K,2.41%
19-Jun-18,0.22,0.21,0.22,0.21,23.87K,2.85%
18-Jun-18,0.21,0.21,0.21,0.2,59.70K,0.00%
17-Jun-18,0.21,0.22,0.22,0.21,8.37K,-4.86%
16-Jun-18,0.22,0.23,0.23,0.21,9.47K,-3.73%
15-Jun-18,0.23,0.24,0.24,0.23,12.20K,-4.43%
14-Jun-18,0.24,0.21,0.24,0.21,18.71K,12.28%
13-Jun-18,0.21,0.23,0.23,0.2,32.53K,-5.12%
12-Jun-18,0.23,0.26,0.28,0.22,43.82K,-12.18%
11-Jun-18,0.26,0.24,0.26,0.23,28.92K,8.27%
10-Jun-18,0.24,0.3,0.3,0.24,65.89K,-20.23%
9-Jun-18,0.3,0.3,0.31,0.3,20.99K,0.00%
8-Jun-18,0.3,0.3,0.32,0.3,42.11K,-3.78%
7-Jun-18,0.31,0.33,0.33,0.31,43.29K,-5.23%
6-Jun-18,0.33,0.34,0.36,0.32,35.63K,-5.43%
5-Jun-18,0.35,0.33,0.37,0.31,12.00K,5.65%
4-Jun-18,0.33,0.37,0.37,0.33,22.25K,-9.66%
3-Jun-18,0.36,0.36,0.38,0.36,23.96K,0.00%
2-Jun-18,0.36,0.35,0.38,0.34,11.81K,1.98%
1-Jun-18,0.35,0.35,0.37,0.34,13.59K,3.07%
31-May-18,0.34,0.34,0.39,0.32,12.30K,0.00%
30-May-18,0.34,0.35,0.36,0.33,10.89K,-1.99%
29-May-18,0.35,0.32,0.37,0.3,15.88K,9.09%
28-May-18,0.32,0.34,0.34,0.32,8.73K,-7.02%
27-May-18,0.34,0.37,0.37,0.34,4.22K,-8.36%
26-May-18,0.37,0.34,0.39,0.34,13.08K,8.36%
25-May-18,0.34,0.36,0.37,0.33,12.95K,-4.99%
24-May-18,0.36,0.35,0.41,0.32,7.55K,11.95%
23-May-18,0.32,0.37,0.38,0.32,23.81K,-13.33%
22-May-18,0.37,0.43,0.43,0.37,42.43K,-12.22%
21-May-18,0.43,0.46,0.47,0.42,30.33K,-6.99%
20-May-18,0.46,0.46,0.47,0.45,20.80K,0.00%
19-May-18,0.46,0.46,0.53,0.44,16.91K,0.00%
18-May-18,0.46,0.44,0.46,0.43,20.38K,3.26%
17-May-18,0.44,0.48,0.48,0.44,12.84K,-7.62%
16-May-18,0.48,0.51,0.51,0.47,26.08K,0.00%
15-May-18,0.47,0.5,0.55,0.47,20.79K,-8.83%
14-May-18,0.52,0.5,0.52,0.45,23.67K,3.50%
13-May-18,0.5,0.47,0.5,0.45,13.75K,7.28%
12-May-18,0.47,0.48,0.5,0.44,18.00K,-1.97%
11-May-18,0.48,0.54,0.55,0.4,54.39K,-12.00%
10-May-18,0.54,0.55,0.58,0.54,46.04K,-1.63%
9-May-18,0.55,0.54,0.55,0.52,4.96K,2.45%
8-May-18,0.54,0.6,0.6,0.5,31.06K,1.05%
7-May-18,0.53,0.53,0.57,0.5,25.64K,0.00%
6-May-18,0.53,0.56,0.58,0.5,32.79K,-5.65%
5-May-18,0.56,0.57,0.62,0.56,24.23K,-2.11%
4-May-18,0.57,0.56,0.59,0.54,52.76K,1.67%
3-May-18,0.56,0.57,0.58,0.54,76.11K,-0.98%
2-May-18,0.57,0.56,0.58,0.54,89.88K,1.50%
1-May-18,0.56,0.53,0.57,0.49,47.93K,5.79%
30-Apr-18,0.53,0.53,0.6,0.49,81.51K,0.00%
29-Apr-18,0.53,0.48,0.53,0.47,69.52K,9.42%
28-Apr-18,0.48,0.48,0.49,0.45,41.26K,0.00%
27-Apr-18,0.48,0.47,0.49,0.45,22.20K,2.50%
26-Apr-18,0.47,0.46,0.52,0.41,106.87K,2.75%
25-Apr-18,0.46,0.54,0.54,0.43,35.51K,-15.58%
24-Apr-18,0.54,0.49,0.54,0.49,30.18K,11.69%
23-Apr-18,0.49,0.49,0.51,0.48,20.02K,-1.58%
22-Apr-18,0.49,0.49,0.51,0.46,23.38K,1.48%
21-Apr-18,0.49,0.49,0.5,0.44,31.63K,0.00%
20-Apr-18,0.49,0.5,0.52,0.37,48.56K,-2.00%
19-Apr-18,0.5,0.44,0.5,0.44,17.09K,13.10%
18-Apr-18,0.44,0.42,0.44,0.42,12.43K,5.29%
17-Apr-18,0.42,0.4,0.44,0.4,24.94K,5.74%
16-Apr-18,0.4,0.42,0.42,0.4,12.00K,-3.80%
15-Apr-18,0.41,0.4,0.42,0.39,15.29K,3.07%
14-Apr-18,0.4,0.38,0.42,0.37,14.09K,4.46%
13-Apr-18,0.38,0.4,0.42,0.36,36.76K,-5.24%
12-Apr-18,0.4,0.36,0.4,0.32,33.97K,11.86%
11-Apr-18,0.36,0.36,0.38,0.35,25.14K,0.00%
10-Apr-18,0.36,0.31,0.36,0.3,18.96K,17.24%
9-Apr-18,0.31,0.32,0.35,0.3,13.48K,-5.09%
8-Apr-18,0.32,0.29,0.34,0.29,13.20K,11.41%
7-Apr-18,0.29,0.27,0.3,0.27,14.81K,6.48%
6-Apr-18,0.27,0.29,0.29,0.27,25.47K,-5.79%
5-Apr-18,0.29,0.28,0.3,0.28,19.82K,3.19%
4-Apr-18,0.28,0.29,0.29,0.28,13.73K,-3.76%
3-Apr-18,0.29,0.28,0.29,0.28,15.74K,5.14%
2-Apr-18,0.28,0.28,0.3,0.25,10.15K,0.00%
1-Apr-18,0.28,0.29,0.3,0.26,12.97K,-5.71%
31-Mar-18,0.29,0.28,0.31,0.27,4.50K,5.98%
30-Mar-18,0.28,0.29,0.31,0.28,16.14K,-3.34%
29-Mar-18,0.29,0.35,0.36,0.29,17.22K,-18.99%
28-Mar-18,0.35,0.35,0.38,0.33,10.10K,2.04%
27-Mar-18,0.35,0.37,0.37,0.35,6.47K,-5.52%
26-Mar-18,0.37,0.41,0.41,0.35,32.47K,-10.45%
25-Mar-18,0.41,0.42,0.42,0.38,11.43K,-2.54%
24-Mar-18,0.42,0.4,0.43,0.39,5.58K,5.30%
23-Mar-18,0.4,0.43,0.44,0.38,11.23K,-6.37%
22-Mar-18,0.43,0.44,0.5,0.38,26.75K,-3.61%
21-Mar-18,0.44,0.39,0.44,0.35,4.65K,13.93%
20-Mar-18,0.39,0.37,0.39,0.36,5.96K,3.93%
19-Mar-18,0.37,0.39,0.39,0.34,4.99K,-4.27%
18-Mar-18,0.39,0.41,0.41,0.28,16.03K,-5.14%
17-Mar-18,0.41,0.42,0.42,0.38,2.26K,0.00%
16-Mar-18,0.42,0.42,0.44,0.4,8.55K,0.00%
15-Mar-18,0.42,0.45,0.45,0.4,5.90K,-7.77%
14-Mar-18,0.45,0.56,0.57,0.43,10.03K,-19.44%
13-Mar-18,0.56,0.49,0.56,0.49,6.60K,13.72%
12-Mar-18,0.49,0.51,0.55,0.49,26.24K,-3.87%
11-Mar-18,0.51,0.47,0.51,0.45,8.38K,9.43%
10-Mar-18,0.47,0.45,0.52,0.45,6.63K,4.58%
9-Mar-18,0.45,0.53,0.53,0.44,3.68K,-15.23%
8-Mar-18,0.53,0.52,0.53,0.47,8.18K,0.00%
7-Mar-18,0.52,0.57,0.6,0.44,26.49K,-8.17%
6-Mar-18,0.57,0.57,0.6,0.54,12.69K,0.00%
5-Mar-18,0.57,0.59,0.63,0.57,10.06K,-2.69%
4-Mar-18,0.59,0.65,0.66,0.59,9.71K,-9.19%
3-Mar-18,0.65,0.65,0.67,0.62,10.75K,0.87%
2-Mar-18,0.65,0.68,0.71,0.62,3.58K,-5.41%
1-Mar-18,0.68,0.66,0.68,0.65,9.27K,3.10%
28-Feb-18,0.66,0.72,0.77,0.66,10.24K,-8.49%
27-Feb-18,0.72,0.69,0.78,0.66,6.13K,4.21%
26-Feb-18,0.69,0.68,0.71,0.61,16.69K,2.04%
25-Feb-18,0.68,0.65,0.69,0.6,18.02K,4.68%
24-Feb-18,0.65,0.67,0.72,0.59,14.51K,-3.32%
23-Feb-18,0.67,0.62,0.68,0.58,2.08K,8.34%
22-Feb-18,0.62,0.62,0.7,0.56,3.89K,0.00%
21-Feb-18,0.62,0.75,0.75,0.62,6.59K,-17.70%
20-Feb-18,0.75,0.78,0.82,0.73,21.03K,-3.83%
19-Feb-18,0.78,0.7,0.87,0.69,61.63K,10.76%
18-Feb-18,0.7,0.68,0.8,0.58,18.89K,3.69%
17-Feb-18,0.68,0.67,0.69,0.59,15.93K,1.22%
16-Feb-18,0.67,0.56,0.68,0.56,10.58K,18.92%
15-Feb-18,0.56,0.57,0.58,0.53,15.25K,0.00%
14-Feb-18,0.57,0.57,0.58,0.52,14.68K,0.00%
13-Feb-18,0.57,0.49,0.62,0.45,27.11K,15.31%
12-Feb-18,0.49,0.42,0.53,0.4,16.75K,17.96%
11-Feb-18,0.42,0.41,0.43,0.38,9.05K,1.92%
10-Feb-18,0.41,0.44,0.47,0.4,36.73K,-6.97%
9-Feb-18,0.44,0.42,0.46,0.39,22.35K,5.49%
8-Feb-18,0.42,0.38,0.43,0.38,2.66K,10.90%
7-Feb-18,0.38,0.42,0.46,0.36,16.00K,-10.36%
6-Feb-18,0.42,0.4,0.45,0.28,42.93K,6.22%
5-Feb-18,0.4,0.44,0.46,0.32,17.42K,-8.82%
4-Feb-18,0.44,0.51,0.52,0.42,19.42K,-14.26%
3-Feb-18,0.51,0.49,0.54,0.47,12.69K,3.48%
2-Feb-18,0.49,0.51,0.52,0.37,21.74K,-4.10%
